alert_id,source_device_id,alert_timestamp,alert_type,severity_hint,raw_features,decision_id,chosen_action,confidence_score,decision_timestamp,reward
4b8530f4-db58-43c4-91ef-489692417ad0,device_7,2026-09-20T13:38:32.726357+00:00,sensor_anomaly,0.2846586825089469,"{'connections_per_min': 0.8746840035330631, 'power_draw_watts': 0.6537981097974337, 'power_draw_anomaly_score': 0.11482270853096976}",8cd13a83-8563-41f8-952b-667ea8c66764,monitor,1.0,2026-09-20T13:38:32.727883+00:00,1.0
dd7effdc-5df9-4d19-9035-da32c9057d2c,device_11,2026-09-20T13:38:32.728180+00:00,traffic_spike,0.9190824973873583,"{'connections_per_min': 0.356039996756922, 'power_draw_watts': 0.27887658020479944, 'power_draw_anomaly_score': 0.03675270768747829}",b73c54b7-ddfb-46d8-a81a-7c5eb8e05bc7,quarantine,1.0,2026-09-20T13:38:32.728245+00:00,1.0
49404411-72b2-4a8f-92ea-27ea6df6b81e,device_8,2026-09-20T13:38:32.728389+00:00,data_tampering,0.030051441904072385,"{'connections_per_min': 0.5992461532857773, 'power_draw_watts': 0.10990510946722687, 'power_draw_anomaly_score': 0.8852989209379731}",fea88301-7c89-4efa-8105-7ad3cba47291,ignore,1.0,2026-09-20T13:38:32.728435+00:00,1.0
c95488c0-f7d4-449e-8015-37732a92b0ca,device_10,2026-09-20T13:38:32.728569+00:00,traffic_spike,0.31722751325186405,"{'connections_per_min': 0.5127009868208326, 'power_draw_watts': 0.8485504037396372, 'power_draw_anomaly_score': 0.5796375511594812}",6d384b9c-75e9-40b4-9531-89a5061a4cb1,ignore,1.0,2026-09-20T13:38:32.728642+00:00,-0.5
097f91c9-0881-4edc-b8f7-16f2e801bafe,device_4,2026-09-20T13:38:32.728797+00:00,other,0.30240225091498163,"{'connections_per_min': 0.5011335686326865, 'power_draw_watts': 0.48340540341192983, 'power_draw_anomaly_score': 0.1295826582885372}",cdcce5de-c309-4a12-8bab-a99470c2acb1,monitor,1.0,2026-09-20T13:38:32.728845+00:00,1.0
0422b2c4-aa18-49d3-b683-529baf297cee,device_6,2026-09-20T13:38:32.728983+00:00,unknown_peer,0.11073623557920198,"{'connections_per_min': 0.8354007378009856, 'power_draw_watts': 0.7505467277697285, 'power_draw_anomaly_score': 0.7042127202514271}",0c2857fc-92fa-4767-8fa8-2b180f6605f4,ignore,1.0,2026-09-20T13:38:32.729037+00:00,1.0
52aa2f4f-ba67-442d-aaeb-16ab77ceadae,device_12,2026-09-20T13:38:32.729169+00:00,false_data_injection,0.10570838973314256,"{'connections_per_min': 0.8935987453057377, 'power_draw_watts': 0.00045283094245718303, 'power_draw_anomaly_score': 0.5232184945092342}",1978fbf8-0919-4016-93f5-08979edee122,ignore,1.0,2026-09-20T13:38:32.729233+00:00,1.0
4f72b116-719d-4fae-af46-1cc46d2e79de,device_5,2026-09-20T13:38:32.729379+00:00,peer_silent,0.32480272673684807,"{'connections_per_min': 0.3560948030460911, 'power_draw_watts': 0.44476454718881897, 'power_draw_anomaly_score': 0.3438782297023263}",a33cb49a-aafa-4f7b-9c46-397cd3a3ee8a,monitor,1.0,2026-09-20T13:38:32.729424+00:00,1.0
70c77075-cdc8-405e-b690-48853dfc8291,device_11,2026-09-20T13:38:32.729567+00:00,traffic_spike,0.9710761510812348,"{'connections_per_min': 0.7312031805240957, 'power_draw_watts': 0.8418388493008199, 'power_draw_anomaly_score': 0.7896284445648332}",523bbdf0-1cb2-40f0-8775-928441ef214b,quarantine,1.0,2026-09-20T13:38:32.729614+00:00,1.0
086b9f79-e04f-4751-be29-986dbf5568b8,device_9,2026-09-20T13:38:32.729762+00:00,sensor_anomaly,0.9978647724712515,"{'connections_per_min': 0.5599120570967666, 'power_draw_watts': 0.7616369089916923, 'power_draw_anomaly_score': 0.6611180003522575}",665689e0-4e4b-4ad0-8345-c7e1b689437d,quarantine,1.0,2026-09-20T13:38:32.729811+00:00,1.0
f8e5cdd1-4a49-4a8b-b065-e237bd38c2d1,device_8,2026-09-20T13:38:32.729984+00:00,sensor_anomaly,0.30910008655974563,"{'connections_per_min': 0.9895037010066, 'power_draw_watts': 0.4107538636805218, 'power_draw_anomaly_score': 0.5054517904578807}",3736c203-efa9-4f01-b4ce-0f48b1d28998,rate_limit,1.0,2026-09-20T13:38:32.730034+00:00,-0.5
0355e0ca-5a7a-4ad3-b44a-b23e950b0c92,device_7,2026-09-20T13:38:32.730178+00:00,traffic_spike,0.22013506122589244,"{'connections_per_min': 0.4961797570385805, 'power_draw_watts': 0.9246691878418585, 'power_draw_anomaly_score': 0.07988176730185614}",96749181-7b4a-40f6-8447-fd32863fb1c5,ignore,1.0,2026-09-20T13:38:32.730225+00:00,1.0
9b881929-a60e-40a1-83e6-49d48d17105b,device_2,2026-09-20T13:38:32.730359+00:00,data_tampering,0.7459854226551654,"{'connections_per_min': 0.5380085983396831, 'power_draw_watts': 0.7942249233744505, 'power_draw_anomaly_score': 0.7803347589895927}",65e93049-365d-4250-8034-d295d8b22b83,rate_limit,1.0,2026-09-20T13:38:32.730408+00:00,-0.5
c0ab32e6-7f31-4776-b7f0-e1dc8746ff76,device_8,2026-09-20T13:38:32.730557+00:00,peer_silent,0.636371405837836,"{'connections_per_min': 0.8296681640357851, 'power_draw_watts': 0.30508572791531297, 'power_draw_anomaly_score': 0.36967401045368586}",958f4e3c-d539-46e4-90aa-6bee9e9a3ff9,block,1.0,2026-09-20T13:38:32.730608+00:00,-0.5
6a7f1825-9405-4599-96af-b7c9944e80f6,device_5,2026-09-20T13:38:32.730760+00:00,peer_silent,0.3762654431234078,"{'connections_per_min': 0.5288458595353015, 'power_draw_watts': 0.9664952008358741, 'power_draw_anomaly_score': 0.5627493926443294}",b165a0b2-6bb7-45fd-81fe-2c7b4475feda,monitor,1.0,2026-09-20T13:38:32.730804+00:00,1.0
d94f6ed5-238a-4cb0-af7a-63154c681f99,device_11,2026-09-20T13:38:32.730935+00:00,unknown_peer,0.786166157815137,"{'connections_per_min': 0.4565784331365851, 'power_draw_watts': 0.04175571042705861, 'power_draw_anomaly_score': 0.27198065249561854}",52c44ed5-7791-4a1e-9b38-e003878bb9d0,rate_limit,1.0,2026-09-20T13:38:32.730981+00:00,-0.5
8ffadc0e-0cc7-4f3f-8916-2ed555f252c3,device_18,2026-09-20T13:38:32.731107+00:00,false_data_injection,0.19948088592072732,"{'connections_per_min': 0.8406629546410956, 'power_draw_watts': 0.00790248825565587, 'power_draw_anomaly_score': 0.042719488185931076}",95adca11-b27c-49ff-ab25-886c0e810820,ignore,1.0,2026-09-20T13:38:32.731156+00:00,-0.5
6768f1ac-d6bb-438c-b3b5-6c44ea339ea9,device_18,2026-09-20T13:38:32.731300+00:00,false_data_injection,0.32715045091259176,"{'connections_per_min': 0.015970005254231756, 'power_draw_watts': 0.5742763980969199, 'power_draw_anomaly_score': 0.24736029069829568}",75e41df8-4c27-4aa0-ac30-f71124bd4136,monitor,1.0,2026-09-20T13:38:32.731346+00:00,1.0
60dd7c87-fb2d-48b8-9354-d76e0f163a06,device_12,2026-09-20T13:38:32.731472+00:00,unknown_peer,0.32348207793734907,"{'connections_per_min': 0.4853252301728429, 'power_draw_watts': 0.6363072927556597, 'power_draw_anomaly_score': 0.7858035500826411}",1f4902f4-4f1f-49c1-84f1-90024a93d7c4,ignore,1.0,2026-09-20T13:38:32.731516+00:00,-0.5
a963c489-ca05-4e5c-902f-5b35779c8fa9,device_8,2026-09-20T13:38:32.731650+00:00,sensor_anomaly,0.8157204298389614,"{'connections_per_min': 0.9581102101642357, 'power_draw_watts': 0.36889268328866287, 'power_draw_anomaly_score': 0.23057153091022342}",92d9418e-4266-4d80-a558-d831303a3f79,block,1.0,2026-09-20T13:38:32.731695+00:00,1.0
03db80e3-2bf0-40ce-931c-83744d94c26d,device_15,2026-09-20T13:38:32.731820+00:00,unknown_peer,0.3414241621228693,"{'connections_per_min': 0.80315401928556, 'power_draw_watts': 0.9705340252820728, 'power_draw_anomaly_score': 0.5990321548420693}",35174824-0277-4b89-a9c6-b30a7d572f1d,monitor,1.0,2026-09-20T13:38:32.731863+00:00,1.0
64198b8d-773c-4f3e-8fc5-347c6cee157a,device_19,2026-09-20T13:38:32.731985+00:00,other,0.39624194950873537,"{'connections_per_min': 0.019332669179863426, 'power_draw_watts': 0.23405727783160624, 'power_draw_anomaly_score': 0.9968473653612651}",6a3e42ad-b3cc-4f66-99b9-e884a7c67be7,rate_limit,1.0,2026-09-20T13:38:32.732028+00:00,-0.5
3d63a862-af9e-43e3-9354-1373824332a6,device_9,2026-09-20T13:38:32.732151+00:00,peer_silent,0.4942545490078618,"{'connections_per_min': 0.3846335490216579, 'power_draw_watts': 0.5444823941109703, 'power_draw_anomaly_score': 0.3655245290659972}",2994aa1b-66db-4ec5-ae76-4d187e53b70f,rate_limit,1.0,2026-09-20T13:38:32.732207+00:00,-0.5
4a6c298b-998d-4394-94be-61c341889505,device_3,2026-09-20T13:38:32.732338+00:00,sensor_anomaly,0.5836101592520557,"{'connections_per_min': 0.15877200380912304, 'power_draw_watts': 0.7761012012430759, 'power_draw_anomaly_score': 0.34357180137537957}",f6a41c9e-b408-4284-9137-e3395f2172b5,monitor,1.0,2026-09-20T13:38:32.732382+00:00,-0.5
b5e86c1f-42ab-4767-9920-033f37ea2cba,device_17,2026-09-20T13:38:32.732530+00:00,traffic_spike,0.007294821486715342,"{'connections_per_min': 0.12320765589918503, 'power_draw_watts': 0.09845505134189292, 'power_draw_anomaly_score': 0.7013278927774305}",20211b40-10d0-4c6e-af05-23f37928e0be,ignore,1.0,2026-09-20T13:38:32.732574+00:00,1.0
e27c823d-e91a-4e3b-824c-d62c3878dbb7,device_7,2026-09-20T13:38:32.732713+00:00,other,0.9133099863426951,"{'connections_per_min': 0.2717512869495132, 'power_draw_watts': 0.8751596274154538, 'power_draw_anomaly_score': 0.09410415116409687}",a3aa3efd-63ce-4480-9d3d-94c95dfa4b94,block,1.0,2026-09-20T13:38:32.732758+00:00,-0.5
39104ab2-f22f-4891-87ee-5041ba99d3da,device_14,2026-09-20T13:38:32.732882+00:00,false_data_injection,0.676389527858235,"{'connections_per_min': 0.041061230052760744, 'power_draw_watts': 0.3770074949142417, 'power_draw_anomaly_score': 0.9976236702205659}",745aa4bb-3e00-4ef4-9277-8639459b3d43,rate_limit,1.0,2026-09-20T13:38:32.732927+00:00,-0.5
6d78fa45-f209-4122-9f4b-6d5782180a8d,device_13,2026-09-20T13:38:32.733052+00:00,sensor_anomaly,0.8335224620335139,"{'connections_per_min': 0.5893365943797483, 'power_draw_watts': 0.36643782119095536, 'power_draw_anomaly_score': 0.41657141792481867}",cb7aff3c-32b0-4c00-bbf5-d14f1e430faf,block,1.0,2026-09-20T13:38:32.733095+00:00,1.0
16e5d224-fc57-4bd8-afcb-34b6642c656d,device_15,2026-09-20T13:38:32.733227+00:00,other,0.7459060173473443,"{'connections_per_min': 0.28449806351778717, 'power_draw_watts': 0.436377155375551, 'power_draw_anomaly_score': 0.5873997790181004}",6de661fc-9ffc-4954-bbca-0ef4a048df16,rate_limit,1.0,2026-09-20T13:38:32.733274+00:00,-0.5
cb42e6a7-da70-4d38-92e7-c89736dcb3e3,device_19,2026-09-20T13:38:32.733400+00:00,unknown_peer,0.2792774875542974,"{'connections_per_min': 0.37819307022720206, 'power_draw_watts': 0.3694782581222189, 'power_draw_anomaly_score': 0.28877672245259334}",8359af06-2bdc-4b5b-9706-4391278d02df,monitor,1.0,2026-09-20T13:38:32.733443+00:00,1.0
1f4ab043-2112-465c-9ce1-208e58670b8f,device_14,2026-09-20T13:38:32.733565+00:00,unknown_peer,0.5473236116916665,"{'connections_per_min': 0.058276289774086165, 'power_draw_watts': 0.2730161764539196, 'power_draw_anomaly_score': 0.26794014304891}",3a95dfc4-921a-4ee2-b67c-63dfc17a39e6,monitor,1.0,2026-09-20T13:38:32.733608+00:00,-0.5
ccd9532e-a5b7-42bd-a072-d1944ab10608,device_11,2026-09-20T13:38:32.733731+00:00,data_tampering,0.5032009588130322,"{'connections_per_min': 0.1907963010626459, 'power_draw_watts': 0.8244559421031825, 'power_draw_anomaly_score': 0.3394922287104113}",74965f28-7f97-417a-a8ed-af186fd3624a,rate_limit,1.0,2026-09-20T13:38:32.733774+00:00,1.0
e5463997-7c37-465b-9b1b-77ea40a4c474,device_1,2026-09-20T13:38:32.733896+00:00,sensor_anomaly,0.1018815153384468,"{'connections_per_min': 0.7031662570298752, 'power_draw_watts': 0.1726524009109376, 'power_draw_anomaly_score': 0.6892741038771362}",9deeb33e-a26b-4bf0-9659-92d0c5e5c87c,ignore,1.0,2026-09-20T13:38:32.733938+00:00,1.0
d95defa8-3b6e-444c-a8ff-35e799cf7e54,device_1,2026-09-20T13:38:32.734061+00:00,sensor_anomaly,0.7057778154886257,"{'connections_per_min': 0.7657278358392248, 'power_draw_watts': 0.2709491886804575, 'power_draw_anomaly_score': 0.34406815426554527}",045c6dd1-3038-4585-8dc6-03a0736972a6,rate_limit,1.0,2026-09-20T13:38:32.734104+00:00,-0.5
8ecc5fec-37af-4773-a750-40a6eb22b1c8,device_18,2026-09-20T13:38:32.734239+00:00,false_data_injection,0.8034488541266644,"{'connections_per_min': 0.5917885856144696, 'power_draw_watts': 0.3379278466884267, 'power_draw_anomaly_score': 0.9842384401563763}",9822ed97-ceea-4ac7-95bf-96750931ad67,block,1.0,2026-09-20T13:38:32.734285+00:00,-0.5
215790fa-035a-4836-846a-c5b4ab689fdf,device_19,2026-09-20T13:38:32.734411+00:00,data_tampering,0.241847049180395,"{'connections_per_min': 0.11215623292150434, 'power_draw_watts': 0.7995014290260822, 'power_draw_anomaly_score': 0.12424095685615222}",9c1fdc03-5164-4b1a-a98a-50aee60148d2,ignore,1.0,2026-09-20T13:38:32.734454+00:00,-0.5
9f1283e9-fd0f-450e-8602-304a121541d0,device_14,2026-09-20T13:38:32.734577+00:00,traffic_spike,0.7375399917264943,"{'connections_per_min': 0.8395096655615657, 'power_draw_watts': 0.7850540489762078, 'power_draw_anomaly_score': 0.6809744329792173}",3f3f7117-e4fd-4964-87b2-c2f85280a360,quarantine,1.0,2026-09-20T13:38:32.734621+00:00,-0.5
f73d7558-2a27-4da9-95dd-2e0a2822a0bd,device_17,2026-09-20T13:38:32.734759+00:00,data_tampering,0.1903584703814879,"{'connections_per_min': 0.8352573551278382, 'power_draw_watts': 0.3840519970528541, 'power_draw_anomaly_score': 0.5864777969939309}",0fdfba1b-d1ea-4293-9ea8-011f2882e662,monitor,1.0,2026-09-20T13:38:32.734802+00:00,1.0
7ac037da-2bbc-48e8-bdee-56e2e8d8e288,device_2,2026-09-20T13:38:32.734925+00:00,traffic_spike,0.8886792903375705,"{'connections_per_min': 0.7486629823407335, 'power_draw_watts': 0.6638431456405727, 'power_draw_anomaly_score': 0.1372202585759762}",9c8ecded-7cc0-44aa-94ba-ae43a429590e,quarantine,1.0,2026-09-20T13:38:32.734969+00:00,-0.5
e3cd775b-14c5-4eb6-b0e0-0e07432c6de7,device_14,2026-09-20T13:38:32.735092+00:00,other,0.9378462401961858,"{'connections_per_min': 0.20036775310120247, 'power_draw_watts': 0.8271671024691339, 'power_draw_anomaly_score': 0.42436692256615716}",c300518f-c82a-413a-b823-95d9fc2002c8,block,1.0,2026-09-20T13:38:32.735136+00:00,-0.5
8125c53e-e5c5-4374-acd7-a373722143e9,device_3,2026-09-20T13:38:32.735290+00:00,unknown_peer,0.6833422338498325,"{'connections_per_min': 0.4259255261719418, 'power_draw_watts': 0.7671571261823975, 'power_draw_anomaly_score': 0.17498639594321275}",eae12bce-2634-45c0-ad0e-6100b8e72c5b,monitor,1.0,2026-09-20T13:38:32.735353+00:00,-0.5
37131f98-801b-4851-8756-5c72807d5b22,device_19,2026-09-20T13:38:32.735505+00:00,data_tampering,0.9709228672520852,"{'connections_per_min': 0.4332724759405071, 'power_draw_watts': 0.08479292214526313, 'power_draw_anomaly_score': 0.8093807641239342}",ed2e434c-e4ad-42b6-8fc9-58b4b7f917ff,block,1.0,2026-09-20T13:38:32.735550+00:00,-0.5
0bd0229f-3053-4482-9143-0404304d5099,device_17,2026-09-20T13:38:32.735675+00:00,unknown_peer,0.919587197214204,"{'connections_per_min': 0.9127518604949449, 'power_draw_watts': 0.4107459982265823, 'power_draw_anomaly_score': 0.04515874385752061}",81c7545b-bc9f-4c41-9bad-6d9799658a90,quarantine,1.0,2026-09-20T13:38:32.735719+00:00,1.0
8d5aba93-2748-4c6d-b7d6-58ae935d975d,device_19,2026-09-20T13:38:32.735842+00:00,other,0.5759746745173568,"{'connections_per_min': 0.8289096323910107, 'power_draw_watts': 0.4690660030532444, 'power_draw_anomaly_score': 0.22997431182624128}",b5148dc2-c92e-403a-a776-5d72777108a2,rate_limit,1.0,2026-09-20T13:38:32.735886+00:00,1.0
383a195e-677b-42f6-b43c-4b03eba09e1b,device_12,2026-09-20T13:38:32.736011+00:00,traffic_spike,0.7114403935218158,"{'connections_per_min': 0.6024650476625903, 'power_draw_watts': 0.49044080702471093, 'power_draw_anomaly_score': 0.8339528774325522}",d17b29d8-3e04-43bc-ba1d-15acd23f3c8a,rate_limit,1.0,2026-09-20T13:38:32.736055+00:00,-0.5
9e251c28-8265-4d41-800a-d4fcc2591725,device_6,2026-09-20T13:38:32.736183+00:00,sensor_anomaly,0.4098391317434661,"{'connections_per_min': 0.09608891592594337, 'power_draw_watts': 0.8557539965135044, 'power_draw_anomaly_score': 0.3875036531040964}",ac79a6c8-9830-4fd9-ae6e-600419ba05b5,monitor,1.0,2026-09-20T13:38:32.736233+00:00,1.0
42f60b28-11f5-4e9e-af0b-54d9e0e187bf,device_11,2026-09-20T13:38:32.736360+00:00,traffic_spike,0.4966004795339992,"{'connections_per_min': 0.6013607495843275, 'power_draw_watts': 0.6458260688603779, 'power_draw_anomaly_score': 0.6796495145620518}",18a11951-9f56-4d41-90f0-1d593436e291,monitor,1.0,2026-09-20T13:38:32.736403+00:00,1.0
9a53a88a-37d7-4f5c-aee9-6ab8bca7650f,device_5,2026-09-20T13:38:32.736529+00:00,sensor_anomaly,0.38545435554522167,"{'connections_per_min': 0.051065939205562016, 'power_draw_watts': 0.9974940767766919, 'power_draw_anomaly_score': 0.6493663775689696}",370e3146-9551-45de-aa0a-da304e5dd809,monitor,1.0,2026-09-20T13:38:32.736571+00:00,1.0
34192cdd-01ac-47a7-99c7-cdcde7d28d02,device_18,2026-09-20T13:38:32.736715+00:00,unknown_peer,0.5163052332629484,"{'connections_per_min': 0.2477097107012176, 'power_draw_watts': 0.02087900987192548, 'power_draw_anomaly_score': 0.16471486709111582}",45662d93-c0e6-405d-b2ca-e1044cf07c29,rate_limit,1.0,2026-09-20T13:38:32.736762+00:00,1.0
d84ac4c0-14b2-4971-8bfb-97558b4c0075,device_12,2026-09-20T13:38:32.736907+00:00,sensor_anomaly,0.3177515481017592,"{'connections_per_min': 0.5706981919463793, 'power_draw_watts': 0.36148387102686386, 'power_draw_anomaly_score': 0.4294045141271682}",3a035928-a1d6-43b7-9bcd-92478c9f47b6,monitor,1.0,2026-09-20T13:38:32.736949+00:00,1.0
25833e5b-937f-49b8-be93-7955cdc5c006,device_5,2026-09-20T13:38:32.737072+00:00,traffic_spike,0.6690208148040773,"{'connections_per_min': 0.4835154091505959, 'power_draw_watts': 0.884158077482489, 'power_draw_anomaly_score': 0.35210409150997013}",84b9371c-8937-4dd1-93a9-75888ff82e2d,block,1.0,2026-09-20T13:38:32.737116+00:00,-0.5
9202fe00-8f6e-4e8e-8978-67f3afb8dd46,device_11,2026-09-20T13:38:32.737250+00:00,false_data_injection,0.7684510636782237,"{'connections_per_min': 0.1511263464567103, 'power_draw_watts': 0.6037827448955372, 'power_draw_anomaly_score': 0.043764906821511906}",0d103ec4-e6d1-4a13-a82c-da252e6b897a,quarantine,1.0,2026-09-20T13:38:32.737295+00:00,1.0
57b442f3-261b-4665-8651-82ba6a6538c5,device_12,2026-09-20T13:38:32.737420+00:00,other,0.28237548847116034,"{'connections_per_min': 0.5948457761469081, 'power_draw_watts': 0.07297765159798864, 'power_draw_anomaly_score': 0.6700936227624489}",3be865a4-063b-4b4d-9a87-4c9c5452d97c,monitor,1.0,2026-09-20T13:38:32.737463+00:00,1.0
fcdf3775-bd19-435d-b09c-00b2550178ae,device_2,2026-09-20T13:38:32.737587+00:00,peer_silent,0.9281833820827319,"{'connections_per_min': 0.012908018764667739, 'power_draw_watts': 0.33019073913863883, 'power_draw_anomaly_score': 0.6288130156858551}",ab87faa9-c07d-4f9b-80f3-db56a3c21a39,quarantine,1.0,2026-09-20T13:38:32.737629+00:00,1.0
255dd725-382c-4623-a170-aa9efbc1ed7c,device_18,2026-09-20T13:38:32.737751+00:00,false_data_injection,0.07263995921908939,"{'connections_per_min': 0.5141748749225798, 'power_draw_watts': 0.3606956854210188, 'power_draw_anomaly_score': 0.7391887135441269}",bc8ebcfb-c16a-4d17-ac88-db452a1991cf,ignore,1.0,2026-09-20T13:38:32.737793+00:00,1.0
a3f34e2a-32de-4934-bc4d-731175b9ecb2,device_8,2026-09-20T13:38:32.737916+00:00,peer_silent,0.9932141187830142,"{'connections_per_min': 0.5618628228008057, 'power_draw_watts': 0.29098129317921273, 'power_draw_anomaly_score': 0.2524906599483915}",5fae525e-a269-4fc3-b17e-b33838e0d0dc,quarantine,1.0,2026-09-20T13:38:32.737958+00:00,1.0
d6273ad0-eeb7-4fb7-816c-07d56c700967,device_8,2026-09-20T13:38:32.738080+00:00,false_data_injection,0.665256743481721,"{'connections_per_min': 0.30140745193352025, 'power_draw_watts': 0.17989649645214023, 'power_draw_anomaly_score': 0.07878559066391155}",ea33423c-c39c-4e02-9343-5d93d53c9c73,rate_limit,1.0,2026-09-20T13:38:32.738123+00:00,-0.5
dc7f90e9-ca6d-4be2-acc6-b21bf17a497d,device_2,2026-09-20T13:38:32.738263+00:00,false_data_injection,0.4326822154062643,"{'connections_per_min': 0.3946965605539803, 'power_draw_watts': 0.6899768369190112, 'power_draw_anomaly_score': 0.5563230420275814}",b8b0880d-51a7-430c-95f9-a1b681e5471a,monitor,1.0,2026-09-20T13:38:32.738307+00:00,-0.5
68fba64e-19ae-48d4-b0bc-9ddcbd9972e4,device_7,2026-09-20T13:38:32.738433+00:00,sensor_anomaly,0.512110405454487,"{'connections_per_min': 0.9204291571248473, 'power_draw_watts': 0.22197646277267336, 'power_draw_anomaly_score': 0.5658318894854227}",36a61063-3e06-4d99-b899-19d943016ba1,rate_limit,1.0,2026-09-20T13:38:32.738475+00:00,1.0
0e64b911-3034-49ca-b5c6-c0edbd0c56d8,device_16,2026-09-20T13:38:32.738598+00:00,data_tampering,0.9437137550494914,"{'connections_per_min': 0.5134569761918977, 'power_draw_watts': 0.057711752352482604, 'power_draw_anomaly_score': 0.5011500094913168}",48ef91a3-da14-43aa-bf94-265d2f1bc698,quarantine,1.0,2026-09-20T13:38:32.738640+00:00,1.0
068c9e50-2d2b-4317-84f3-91f32589439a,device_1,2026-09-20T13:38:32.738782+00:00,false_data_injection,0.8736273550279455,"{'connections_per_min': 0.5454597033299744, 'power_draw_watts': 0.19417739430211156, 'power_draw_anomaly_score': 0.13316355197275098}",354977c4-96dc-4836-874f-e161e1d3ac4d,quarantine,1.0,2026-09-20T13:38:32.738839+00:00,1.0
11d57837-d31a-4f11-88ca-728bdb6e5d9f,device_2,2026-09-20T13:38:32.739000+00:00,other,0.5399018544822647,"{'connections_per_min': 0.7372734959202462, 'power_draw_watts': 0.8885433989703689, 'power_draw_anomaly_score': 0.3453205743931783}",d57a03df-20fc-497d-b50c-0351e32b1f6a,monitor,1.0,2026-09-20T13:38:32.739046+00:00,-0.5
a353c99b-9718-4088-bc48-a6adf5620cbd,device_2,2026-09-20T13:38:32.739174+00:00,false_data_injection,0.9352324265668135,"{'connections_per_min': 0.14179508477373914, 'power_draw_watts': 0.4111798315486209, 'power_draw_anomaly_score': 0.07210770890108842}",88d6bdcf-7606-413c-aeae-30bfb35fc269,quarantine,1.0,2026-09-20T13:38:32.739227+00:00,1.0
a7b81405-4930-4798-8bae-611e7bb6a60d,device_18,2026-09-20T13:38:32.739356+00:00,false_data_injection,0.9805544609007479,"{'connections_per_min': 0.4938663947587334, 'power_draw_watts': 0.47780907903730496, 'power_draw_anomaly_score': 0.5821865211634273}",1561b1f9-a924-40b6-9bd1-0130bfd8f630,quarantine,1.0,2026-09-20T13:38:32.739398+00:00,1.0
3ead0f14-9aaf-404b-90a4-26622d0c01ab,device_12,2026-09-20T13:38:32.739521+00:00,other,0.8568869711837546,"{'connections_per_min': 0.04934864731197208, 'power_draw_watts': 0.28266254728621965, 'power_draw_anomaly_score': 0.666911158559625}",55df57a6-ed83-4558-8fa2-fea55ec13d0a,block,1.0,2026-09-20T13:38:32.739565+00:00,1.0
3b014150-c654-4c7c-b5ba-16c408cca97b,device_18,2026-09-20T13:38:32.739687+00:00,sensor_anomaly,0.16677444264219166,"{'connections_per_min': 0.18156607071810282, 'power_draw_watts': 0.9210588195379015, 'power_draw_anomaly_score': 0.2451701264739241}",fb6f8ade-c945-4563-a849-7e0f9c7c5b98,monitor,1.0,2026-09-20T13:38:32.739729+00:00,-0.5
2e08ac05-afe7-40cc-be62-3e3f3d25fef8,device_14,2026-09-20T13:38:32.739854+00:00,sensor_anomaly,0.8072779269194124,"{'connections_per_min': 0.8196873298594969, 'power_draw_watts': 0.20769929725620417, 'power_draw_anomaly_score': 0.8254694368334909}",e4c21fff-3972-4e99-beb1-d82326b3ea0c,block,1.0,2026-09-20T13:38:32.739897+00:00,1.0
51856b58-3068-4660-8596-862f457f12a6,device_11,2026-09-20T13:38:32.740029+00:00,traffic_spike,0.9834356382919972,"{'connections_per_min': 0.6772742765997941, 'power_draw_watts': 0.8189694213931487, 'power_draw_anomaly_score': 0.4138530571658334}",50fec9cc-01fd-40da-bcad-d67f9add0f20,quarantine,1.0,2026-09-20T13:38:32.740071+00:00,1.0
5edf219c-d2f4-4efc-9cad-939b093878dd,device_17,2026-09-20T13:38:32.740202+00:00,peer_silent,0.4372405866844953,"{'connections_per_min': 0.20543052552435703, 'power_draw_watts': 0.35685294336686757, 'power_draw_anomaly_score': 0.9612388989180635}",94e94c5e-9c0e-4817-a473-cb1ec1474afe,monitor,1.0,2026-09-20T13:38:32.740250+00:00,1.0
bc80f068-8084-4b4d-8b24-ae2f61769bd7,device_16,2026-09-20T13:38:32.740377+00:00,sensor_anomaly,0.8024587782234118,"{'connections_per_min': 0.6078031744026993, 'power_draw_watts': 0.721384966132228, 'power_draw_anomaly_score': 0.011460508141143633}",5f216bc4-7466-4eb1-9b18-8ea81ffb3052,rate_limit,1.0,2026-09-20T13:38:32.740421+00:00,-0.5
3e215df8-d565-4313-96ae-fd4fa4396b71,device_7,2026-09-20T13:38:32.740544+00:00,other,0.23268665066630645,"{'connections_per_min': 0.7044333638094098, 'power_draw_watts': 0.697697446018531, 'power_draw_anomaly_score': 0.9107049141026808}",f00f55f1-c9cd-405d-abc7-2dcb2ca6e1c3,monitor,1.0,2026-09-20T13:38:32.740587+00:00,-0.5
89a23a2a-0302-4a12-96ab-c23b3ebf8efb,device_16,2026-09-20T13:38:32.740733+00:00,peer_silent,0.7030843901758156,"{'connections_per_min': 0.6738868743129032, 'power_draw_watts': 0.6782622752691082, 'power_draw_anomaly_score': 0.6557352932614814}",75258f0a-39e4-44de-b55d-a2a6083bc120,block,1.0,2026-09-20T13:38:32.740777+00:00,1.0
b20c370a-be30-43cb-b1d3-7e5543345c2a,device_10,2026-09-20T13:38:32.740900+00:00,false_data_injection,0.7869322139270789,"{'connections_per_min': 0.8865989526676917, 'power_draw_watts': 0.48537648691751345, 'power_draw_anomaly_score': 0.38968480148228446}",fd6e1e9c-c9e6-45ed-bf83-eac95e269b57,quarantine,1.0,2026-09-20T13:38:32.740943+00:00,1.0
34403427-3c85-4126-aa0b-fa421e4d9a86,device_1,2026-09-20T13:38:32.741066+00:00,false_data_injection,0.7301805292679611,"{'connections_per_min': 0.8540818054223253, 'power_draw_watts': 0.2914578346006089, 'power_draw_anomaly_score': 0.2739971891339533}",2a28519d-cec1-49fb-9f1c-7a75d844cdcf,rate_limit,1.0,2026-09-20T13:38:32.741109+00:00,-0.5
a1376140-7973-45cc-b75c-cace41eec2af,device_5,2026-09-20T13:38:32.741275+00:00,other,0.6023399127237425,"{'connections_per_min': 0.5687661283688875, 'power_draw_watts': 0.3430600545204454, 'power_draw_anomaly_score': 0.8030813981760642}",4ff522a7-8806-45c2-a229-74a8f0dda760,rate_limit,1.0,2026-09-20T13:38:32.741319+00:00,1.0
6610f79c-32d8-4e13-a004-e43ab83af859,device_19,2026-09-20T13:38:32.741442+00:00,false_data_injection,0.947433203397879,"{'connections_per_min': 0.7851977574005334, 'power_draw_watts': 0.5268775691261366, 'power_draw_anomaly_score': 0.3270670520878993}",4667cc7d-7a22-4e62-b3b5-6c37d79c1c42,quarantine,1.0,2026-09-20T13:38:32.741485+00:00,1.0
eca863b3-bdcd-4a70-8a27-48f47fca7645,device_13,2026-09-20T13:38:32.741607+00:00,sensor_anomaly,0.4224731524682357,"{'connections_per_min': 0.30697958806780523, 'power_draw_watts': 0.32902702105040993, 'power_draw_anomaly_score': 0.1895976862661758}",c63d5514-59ce-4bbb-8228-67f1d0fd64bd,monitor,1.0,2026-09-20T13:38:32.741650+00:00,1.0
150280e5-1102-493f-8aaa-436dd1d6a8f2,device_16,2026-09-20T13:38:32.741772+00:00,sensor_anomaly,0.5752338804953414,"{'connections_per_min': 0.7118051432816329, 'power_draw_watts': 0.07089246133164606, 'power_draw_anomaly_score': 0.39512740021372617}",430f6764-8a6f-4aa4-8e1a-85c6d407aa67,rate_limit,1.0,2026-09-20T13:38:32.741814+00:00,1.0
301c4a7d-3f5b-4297-91db-725beb4c66ee,device_16,2026-09-20T13:38:32.741935+00:00,peer_silent,0.7123149048849077,"{'connections_per_min': 0.5659529916106387, 'power_draw_watts': 0.34423299229465043, 'power_draw_anomaly_score': 0.3734429680927136}",46eb023d-4ae6-4b60-a9ba-26f4f278facb,block,1.0,2026-09-20T13:38:32.741978+00:00,1.0
7ece59eb-1ec7-4fb2-b1da-a9c5ff267462,device_6,2026-09-20T13:38:32.742101+00:00,unknown_peer,0.2723889843312727,"{'connections_per_min': 0.008650235103650261, 'power_draw_watts': 0.5338511613388232, 'power_draw_anomaly_score': 0.4499362288567158}",0ffb6889-066c-4e9b-ae8e-29d9c0f4af57,monitor,1.0,2026-09-20T13:38:32.742143+00:00,1.0
cea43d33-d9f9-44f0-84e3-3d4b5324a130,device_11,2026-09-20T13:38:32.742280+00:00,peer_silent,0.7323866712997155,"{'connections_per_min': 0.5612889899929041, 'power_draw_watts': 0.5145535119095918, 'power_draw_anomaly_score': 0.3328119424511604}",413b5fc5-7f35-487a-abe4-0110bb869b85,monitor,1.0,2026-09-20T13:38:32.742324+00:00,-1.0
d14d26f7-b890-4db9-b807-5be527ef4f6d,device_19,2026-09-20T13:38:32.742446+00:00,traffic_spike,0.7366211276558817,"{'connections_per_min': 0.42130958971927457, 'power_draw_watts': 0.6081846556616329, 'power_draw_anomaly_score': 0.2637237036792306}",d0d42e49-84a9-4760-ae41-115abd73caf0,block,1.0,2026-09-20T13:38:32.742489+00:00,1.0
08e9f7ba-5ab5-4f4d-ac35-51aeec0c60cb,device_1,2026-09-20T13:38:32.742612+00:00,data_tampering,0.2619491585864905,"{'connections_per_min': 0.9384633269733569, 'power_draw_watts': 0.7065203356391591, 'power_draw_anomaly_score': 0.19301491465893905}",2cf104ea-8ab2-421e-849d-2822701c9272,ignore,1.0,2026-09-20T13:38:32.742655+00:00,-0.5
a9b789b9-574c-4943-8011-2692f0bfb5e9,device_1,2026-09-20T13:38:32.742793+00:00,false_data_injection,0.5323441977165227,"{'connections_per_min': 0.06688131385518803, 'power_draw_watts': 0.19934220134184377, 'power_draw_anomaly_score': 0.5725882696534074}",27d77c12-fc76-4a83-9512-a7eda907842a,rate_limit,1.0,2026-09-20T13:38:32.742836+00:00,1.0
fdc926e1-eb28-44d6-bcba-2d1a27cb0a98,device_12,2026-09-20T13:38:32.742958+00:00,false_data_injection,0.972774035491565,"{'connections_per_min': 0.12771667004393006, 'power_draw_watts': 0.6165627570952165, 'power_draw_anomaly_score': 0.48489655491751016}",133d26bf-df16-447b-90b1-bb531d7c4645,quarantine,1.0,2026-09-20T13:38:32.743001+00:00,1.0
aabc3267-68e2-4fb0-a785-dc86554f908a,device_15,2026-09-20T13:38:32.743124+00:00,traffic_spike,0.1607124866148396,"{'connections_per_min': 0.48069944588286395, 'power_draw_watts': 0.6636510360509088, 'power_draw_anomaly_score': 0.25674660295071283}",77b6f61f-1c2c-4c8a-9361-f595c5b4dab6,ignore,1.0,2026-09-20T13:38:32.743166+00:00,1.0
9c3fa723-36ea-4abb-a194-31d15aa6941d,device_6,2026-09-20T13:38:32.743303+00:00,unknown_peer,0.7412830183146859,"{'connections_per_min': 0.18655281462369278, 'power_draw_watts': 0.2555676059729928, 'power_draw_anomaly_score': 0.8679621813697385}",8d236dab-6c4b-4383-a025-271d2882339b,block,1.0,2026-09-20T13:38:32.743346+00:00,1.0
a7e656f9-040c-481a-9b20-a26d9eb3eb9b,device_8,2026-09-20T13:38:32.743468+00:00,data_tampering,0.5422506085457494,"{'connections_per_min': 0.13822264941384466, 'power_draw_watts': 0.5699391674821319, 'power_draw_anomaly_score': 0.9727774007212526}",ee613844-6325-4ebf-a966-e957c179d4fa,rate_limit,1.0,2026-09-20T13:38:32.743511+00:00,1.0
d3f977bd-5172-4993-9578-d6b0a59a4d9d,device_11,2026-09-20T13:38:32.743633+00:00,false_data_injection,0.019691758778434654,"{'connections_per_min': 0.5405067623528078, 'power_draw_watts': 0.7905027664470775, 'power_draw_anomaly_score': 0.11587869254407179}",7cec866e-fefc-4304-ada4-5bffeb3e1df7,ignore,1.0,2026-09-20T13:38:32.743675+00:00,1.0
4e637f94-06ce-48c3-b143-bd2bae1f10c5,device_13,2026-09-20T13:38:32.743798+00:00,traffic_spike,0.47576098507879705,"{'connections_per_min': 0.681427361393522, 'power_draw_watts': 0.6692618434891705, 'power_draw_anomaly_score': 0.0805731894773084}",508ee9d7-9955-429c-9be6-2f8b50c05701,ignore,1.0,2026-09-20T13:38:32.743840+00:00,-0.5
569ee1f0-1430-47d7-80e7-19342896f726,device_7,2026-09-20T13:38:32.743964+00:00,sensor_anomaly,0.9684247511277454,"{'connections_per_min': 0.045787933648765544, 'power_draw_watts': 0.32832297305097946, 'power_draw_anomaly_score': 0.185283327425397}",766cfeaa-ec9d-42a9-beb5-3590d1dedd6b,quarantine,1.0,2026-09-20T13:38:32.744007+00:00,1.0
7fb49863-f6d3-4ec6-9f44-f67b705e2d2c,device_8,2026-09-20T13:38:32.744129+00:00,sensor_anomaly,0.7120547924522521,"{'connections_per_min': 0.16472992548559562, 'power_draw_watts': 0.4521613787073464, 'power_draw_anomaly_score': 0.5988519428029515}",1518543a-4900-40d6-8eb6-23311bdb3d75,rate_limit,1.0,2026-09-20T13:38:32.744173+00:00,-0.5
d0cec630-1309-46b1-8ec4-0bafd0d57174,device_3,2026-09-20T13:38:32.744312+00:00,peer_silent,0.1249345288800412,"{'connections_per_min': 0.6771104542374262, 'power_draw_watts': 0.2920501910771077, 'power_draw_anomaly_score': 0.6231376594157584}",07edcc4c-dd8f-4dd8-a9fd-3deaf3814402,ignore,1.0,2026-09-20T13:38:32.744355+00:00,1.0
a8655359-aa39-4420-896d-43197afad619,device_9,2026-09-20T13:38:32.744478+00:00,other,0.06726479164564514,"{'connections_per_min': 0.2072418763313113, 'power_draw_watts': 0.23392263516773926, 'power_draw_anomaly_score': 0.7157512641119962}",8759423e-9435-4636-9905-e1f2c0fb40ec,ignore,1.0,2026-09-20T13:38:32.744519+00:00,1.0
df03a8ec-3778-462e-b102-b467ba9ba7e9,device_4,2026-09-20T13:38:32.744640+00:00,unknown_peer,0.9065970371472951,"{'connections_per_min': 0.7589064616852909, 'power_draw_watts': 0.8149295695891171, 'power_draw_anomaly_score': 0.8274034848286187}",0390528c-e53b-49ae-9a09-f0799476b523,quarantine,1.0,2026-09-20T13:38:32.744683+00:00,1.0
247c50a8-2471-48ce-a5a8-edca99ab8822,device_3,2026-09-20T13:38:32.744821+00:00,traffic_spike,0.3226289244582805,"{'connections_per_min': 0.8756439520175034, 'power_draw_watts': 0.9006431411824813, 'power_draw_anomaly_score': 0.5816057513273156}",2bea244b-a9c6-424d-9a5f-7ffbb549f20a,ignore,1.0,2026-09-20T13:38:32.744865+00:00,-0.5
79633a99-dd02-4b38-8c59-fac917481471,device_7,2026-09-20T13:38:32.744988+00:00,peer_silent,0.8717787558082937,"{'connections_per_min': 0.5638563452731621, 'power_draw_watts': 0.5089963213558619, 'power_draw_anomaly_score': 0.2721449761557929}",f291b470-8ad2-4007-82ca-57b28ddc5134,block,1.0,2026-09-20T13:38:32.745030+00:00,1.0
0a1c18c6-2bee-45d4-9885-6fb101807aef,device_6,2026-09-20T13:38:32.745152+00:00,traffic_spike,0.9886903869689171,"{'connections_per_min': 0.046099139639973585, 'power_draw_watts': 0.9842824284300704, 'power_draw_anomaly_score': 0.1497500813538194}",80d2b560-a002-449e-9d6c-d71f8aab3172,block,1.0,2026-09-20T13:38:32.745203+00:00,-0.5
a5c23cf8-9c46-4155-8944-0b131404a9f4,device_15,2026-09-20T13:38:32.745333+00:00,unknown_peer,0.7205977772073554,"{'connections_per_min': 0.9320422366764021, 'power_draw_watts': 0.18122523933328172, 'power_draw_anomaly_score': 0.6508511978327278}",7ea332e0-d4ba-44b3-b5ea-60207271718b,block,1.0,2026-09-20T13:38:32.745376+00:00,1.0
497031ff-e4f0-4398-a75b-b8102cb1faca,device_9,2026-09-20T13:38:32.745517+00:00,traffic_spike,0.5223378136473911,"{'connections_per_min': 0.20616435442941816, 'power_draw_watts': 0.3627465485208572, 'power_draw_anomaly_score': 0.7772729190288623}",6245c4f4-fff1-4e25-9657-e46b87528085,rate_limit,1.0,2026-09-20T13:38:32.745560+00:00,1.0
246caf14-046b-494d-a6bf-4d628d26d162,device_8,2026-09-20T13:38:32.745684+00:00,peer_silent,0.45952325540511807,"{'connections_per_min': 0.9971465930479035, 'power_draw_watts': 0.6308165434290226, 'power_draw_anomaly_score': 0.9313441529866837}",520ac2fb-8ae3-4a4f-ba2c-9bea260a719d,rate_limit,1.0,2026-09-20T13:38:32.745728+00:00,-0.5
17e3fd3f-926c-459e-b8c2-8008386015fa,device_13,2026-09-20T13:38:32.745851+00:00,unknown_peer,0.1703483566914411,"{'connections_per_min': 0.6426090256542688, 'power_draw_watts': 0.18990888186638444, 'power_draw_anomaly_score': 0.5350351076836636}",02120f18-015e-4cd5-ad79-78e972c26684,ignore,1.0,2026-09-20T13:38:32.745893+00:00,1.0
48463c3f-bd16-4101-a4e2-23b4d2a8f80d,device_19,2026-09-20T13:38:32.746017+00:00,other,0.5495790692926811,"{'connections_per_min': 0.6165223186081085, 'power_draw_watts': 0.12425292525176457, 'power_draw_anomaly_score': 0.035463676451962245}",1e644c9b-a426-40a5-8638-b9aa9ad67353,rate_limit,1.0,2026-09-20T13:38:32.746059+00:00,1.0
e492d411-591b-4b35-81d4-001993a89bc9,device_16,2026-09-20T13:38:32.746188+00:00,data_tampering,0.3772526975611319,"{'connections_per_min': 0.174773445317435, 'power_draw_watts': 0.5897951369090074, 'power_draw_anomaly_score': 0.6959689656635667}",a662e6dd-8bed-4691-a43b-bd4e4dd605a9,monitor,1.0,2026-09-20T13:38:32.746237+00:00,-0.5
e89b99c5-ee89-4ad5-9465-26cf7c08277a,device_10,2026-09-20T13:38:32.746364+00:00,sensor_anomaly,0.05046202879582473,"{'connections_per_min': 0.8392399717800229, 'power_draw_watts': 0.1619026177282128, 'power_draw_anomaly_score': 0.8157135251405224}",ad28ecd8-fc73-46e3-ab51-c329f543ac56,ignore,1.0,2026-09-20T13:38:32.746406+00:00,1.0
568ccba4-758a-4270-936e-f9d8409eb2d7,device_1,2026-09-20T13:38:32.746529+00:00,traffic_spike,0.04770715954635785,"{'connections_per_min': 0.048147778885502035, 'power_draw_watts': 0.673012807037617, 'power_draw_anomaly_score': 0.6866171742879031}",d4691587-3e73-4e90-8fd3-d945436cdef0,ignore,1.0,2026-09-20T13:38:32.746571+00:00,1.0
8b6191bc-3c04-4526-aa50-827afdd63785,device_16,2026-09-20T13:38:32.746694+00:00,unknown_peer,0.4375169111439322,"{'connections_per_min': 0.6399373246808278, 'power_draw_watts': 0.46853483230694337, 'power_draw_anomaly_score': 0.5415847083709893}",466e5f18-94b5-406b-a718-323ea4794c3d,monitor,1.0,2026-09-20T13:38:32.746751+00:00,1.0
7e89d117-4c8a-4230-87ec-8c67b7114d0f,device_18,2026-09-20T13:38:32.746877+00:00,data_tampering,0.42076342410621603,"{'connections_per_min': 0.5290565090656071, 'power_draw_watts': 0.6321865709634661, 'power_draw_anomaly_score': 0.1211559718255879}",20145b8b-06c4-4461-9dc7-cdde477b4dea,ignore,1.0,2026-09-20T13:38:32.746919+00:00,-1.0
d03114f1-b25c-44a5-9ac7-c6ed612f8fe5,device_7,2026-09-20T13:38:32.747041+00:00,traffic_spike,0.4408655107082541,"{'connections_per_min': 0.6091074167132473, 'power_draw_watts': 0.22054940271362855, 'power_draw_anomaly_score': 0.9580117225978457}",b204fef4-028e-40bb-aaae-7746659741b8,monitor,1.0,2026-09-20T13:38:32.747084+00:00,1.0
bcf5f5f0-d86b-44a3-b02c-b9bfc63ffbe7,device_1,2026-09-20T13:38:32.747215+00:00,traffic_spike,0.7081346538021679,"{'connections_per_min': 0.5064208329786801, 'power_draw_watts': 0.3566984646962602, 'power_draw_anomaly_score': 0.8359006986210926}",e30693be-e1ea-4700-9587-19ebaf0b8694,block,1.0,2026-09-20T13:38:32.747261+00:00,1.0
d9cd5bfc-c1e1-4b45-b52a-e37490ca276e,device_11,2026-09-20T13:38:32.747387+00:00,sensor_anomaly,0.11324446302480085,"{'connections_per_min': 0.8964729578721637, 'power_draw_watts': 0.5305465561614461, 'power_draw_anomaly_score': 0.48948973384188244}",ca0237c4-9033-4ec0-87f7-170fa3acd504,ignore,1.0,2026-09-20T13:38:32.747428+00:00,1.0
1a306b8f-e65a-4aff-8565-c30c6e9cae7b,device_19,2026-09-20T13:38:32.747551+00:00,other,0.2160553617173051,"{'connections_per_min': 0.3212428402369132, 'power_draw_watts': 0.3230386762985483, 'power_draw_anomaly_score': 0.5972781115346065}",c0ccec75-cf13-45a0-b1cb-cad8ad82f4f0,ignore,1.0,2026-09-20T13:38:32.747594+00:00,1.0
9f280156-f671-4642-94d5-fb3d38a077fa,device_19,2026-09-20T13:38:32.747718+00:00,unknown_peer,0.6570796411041818,"{'connections_per_min': 0.9249121358279988, 'power_draw_watts': 0.8443916230033327, 'power_draw_anomaly_score': 0.19663270538126643}",e7b17221-ecf8-483c-b480-3cdb2c187f1e,rate_limit,1.0,2026-09-20T13:38:32.747760+00:00,1.0
ee84111e-e427-4871-bd19-8f63e22ef07e,device_1,2026-09-20T13:38:32.747882+00:00,traffic_spike,0.12797006607399997,"{'connections_per_min': 0.5694921438504598, 'power_draw_watts': 0.8296063342529368, 'power_draw_anomaly_score': 0.5442118399342531}",59a00e27-429c-4962-aa8b-67efe949afa9,ignore,1.0,2026-09-20T13:38:32.747924+00:00,1.0
48427d8e-b0f7-4414-be22-61bc58261ab3,device_2,2026-09-20T13:38:32.748048+00:00,false_data_injection,0.19259102322995603,"{'connections_per_min': 0.39537934731825675, 'power_draw_watts': 0.4539199484743779, 'power_draw_anomaly_score': 0.5613745136246889}",9b832423-061f-4756-a8d7-3c08a5a3cb22,ignore,1.0,2026-09-20T13:38:32.748090+00:00,-0.5
c3343859-04cc-4804-a088-e155f6147708,device_6,2026-09-20T13:38:32.748222+00:00,sensor_anomaly,0.6312042855894475,"{'connections_per_min': 0.3273308622632556, 'power_draw_watts': 0.027172208904739814, 'power_draw_anomaly_score': 0.35623908443881147}",1d9028a5-dca8-4115-a84d-dfb6314204b0,monitor,1.0,2026-09-20T13:38:32.748267+00:00,-0.5
971656e3-5fad-4073-b022-34768991ce16,device_4,2026-09-20T13:38:32.748394+00:00,peer_silent,0.4971401488288505,"{'connections_per_min': 0.6636181291606271, 'power_draw_watts': 0.004511855238949702, 'power_draw_anomaly_score': 0.11012504266063006}",f97f8234-6781-4d65-8c97-e2d2003b33f6,monitor,1.0,2026-09-20T13:38:32.748437+00:00,1.0
f8ee708e-3e14-468b-9b16-84465eef0fdc,device_9,2026-09-20T13:38:32.748559+00:00,data_tampering,0.6923482985854351,"{'connections_per_min': 0.33449542339436833, 'power_draw_watts': 0.9879848185039873, 'power_draw_anomaly_score': 0.9004055458360289}",1ab53cd2-5b21-47c3-be26-2854bb7dd808,rate_limit,1.0,2026-09-20T13:38:32.748603+00:00,-0.5
84df3447-d392-46fe-bc20-12f3c929193f,device_4,2026-09-20T13:38:32.748738+00:00,data_tampering,0.7988036647647271,"{'connections_per_min': 0.20891905507379016, 'power_draw_watts': 0.9129327980667382, 'power_draw_anomaly_score': 0.449182637718631}",34b05b26-6592-43f5-b238-46251aac1f5b,block,1.0,2026-09-20T13:38:32.748782+00:00,-0.5
7f3ea12b-362f-450c-b125-830f24ffaab7,device_15,2026-09-20T13:38:32.748908+00:00,traffic_spike,0.609555477886538,"{'connections_per_min': 0.48231485125697726, 'power_draw_watts': 0.3107354669706195, 'power_draw_anomaly_score': 0.6005153946638746}",5eb37f13-20a3-478b-9b54-61734dfa3ce6,monitor,1.0,2026-09-20T13:38:32.748950+00:00,-0.5
dfc9f56b-bd35-44e9-bab5-fd89d0a2b254,device_3,2026-09-20T13:38:32.749073+00:00,peer_silent,0.91765763080863,"{'connections_per_min': 0.007742606778812222, 'power_draw_watts': 0.723885571662792, 'power_draw_anomaly_score': 0.22233173970451636}",f6d1d53b-d210-42ca-a021-1a93590f20d3,quarantine,1.0,2026-09-20T13:38:32.749115+00:00,1.0
7b0a14ad-220d-4c06-a571-c7d716da1d06,device_5,2026-09-20T13:38:32.749248+00:00,unknown_peer,0.7871799428129362,"{'connections_per_min': 0.4101856473620399, 'power_draw_watts': 0.6104648483487436, 'power_draw_anomaly_score': 0.06910572384251545}",8000d543-5abe-42ea-8452-48b5e7cf5480,block,1.0,2026-09-20T13:38:32.749293+00:00,1.0
f82bb264-ac4b-4078-922f-1c446e336d1b,device_8,2026-09-20T13:38:32.749418+00:00,other,0.019918216827041535,"{'connections_per_min': 0.4810289886764322, 'power_draw_watts': 0.9019626438167427, 'power_draw_anomaly_score': 0.5193774066420372}",15301e2d-ed07-4948-8703-75e3a99c4dc4,monitor,1.0,2026-09-20T13:38:32.749461+00:00,-0.5
654b159c-1a48-4db9-afbf-339db93340ee,device_18,2026-09-20T13:38:32.749585+00:00,data_tampering,0.3397049296510263,"{'connections_per_min': 0.9999900640288639, 'power_draw_watts': 0.7177000286608798, 'power_draw_anomaly_score': 0.9621510061916069}",53f68c72-4a90-491d-b6aa-190d78d9b09a,ignore,1.0,2026-09-20T13:38:32.749627+00:00,-0.5
97edd1dc-70cd-4302-af8f-a3a71e081a4b,device_8,2026-09-20T13:38:32.749768+00:00,sensor_anomaly,0.8327886628038516,"{'connections_per_min': 0.6899171528555604, 'power_draw_watts': 0.5306949029871015, 'power_draw_anomaly_score': 0.3634916216728611}",34052e0b-b6b3-45a4-b366-b9e0f0fa531e,quarantine,1.0,2026-09-20T13:38:32.749812+00:00,-0.5
5361145e-f9fe-4bf7-a9db-1399b9002c03,device_8,2026-09-20T13:38:32.749936+00:00,false_data_injection,0.21585363471686236,"{'connections_per_min': 0.9658302892892058, 'power_draw_watts': 0.6885177366137261, 'power_draw_anomaly_score': 0.7296533118221527}",f22d4e7c-1848-4a1e-9688-2896a8eddc11,monitor,1.0,2026-09-20T13:38:32.749978+00:00,1.0
e7737e38-3275-4113-aa80-d2a6ed2f129f,device_3,2026-09-20T13:38:32.750100+00:00,false_data_injection,0.7775534400671453,"{'connections_per_min': 0.3188470918635943, 'power_draw_watts': 0.04885947299505877, 'power_draw_anomaly_score': 0.6757809917485988}",f91d0c2c-9422-4d0a-8aad-f498dc732f94,block,1.0,2026-09-20T13:38:32.750143+00:00,-0.5
bb81c941-518b-477d-9c38-eee4738c4a21,device_2,2026-09-20T13:38:32.750280+00:00,false_data_injection,0.2968907034217786,"{'connections_per_min': 0.5142172032677268, 'power_draw_watts': 0.26563401220426397, 'power_draw_anomaly_score': 0.6033942855728446}",56b2ae63-2ea7-4e6c-9553-84dbbeb39522,monitor,1.0,2026-09-20T13:38:32.750323+00:00,1.0
3021a586-2c70-4dbe-b8cc-c26b76e9bb63,device_14,2026-09-20T13:38:32.750446+00:00,data_tampering,0.5076022491342248,"{'connections_per_min': 0.5543547262871096, 'power_draw_watts': 0.547414805033551, 'power_draw_anomaly_score': 0.390691420320082}",e3707f9d-579f-4eec-bfa1-e11a9cc8c14e,rate_limit,1.0,2026-09-20T13:38:32.750488+00:00,1.0
6f9fe22b-7cac-42d0-95e3-b507f24e05fc,device_16,2026-09-20T13:38:32.750610+00:00,traffic_spike,0.536263928059882,"{'connections_per_min': 0.9011981312037363, 'power_draw_watts': 0.7356994926593652, 'power_draw_anomaly_score': 0.8019834306071311}",885bb9df-21e9-4f27-8d9d-83ac25e677f6,rate_limit,1.0,2026-09-20T13:38:32.750653+00:00,1.0
2c127881-90b2-4f9c-8411-e60aecf54d36,device_12,2026-09-20T13:38:32.750789+00:00,other,0.17343456927172562,"{'connections_per_min': 0.8136163684995011, 'power_draw_watts': 0.29262766066379964, 'power_draw_anomaly_score': 0.88392937822421}",825f1ae7-95fd-44ff-9872-eeb26e79fdaa,ignore,1.0,2026-09-20T13:38:32.750830+00:00,1.0
90101458-7382-4bd6-ad9b-a801bea57a4e,device_5,2026-09-20T13:38:32.750953+00:00,traffic_spike,0.6321990768302019,"{'connections_per_min': 0.7077862898490451, 'power_draw_watts': 0.8398646387500944, 'power_draw_anomaly_score': 0.2772979496628625}",c655da9f-a200-4cda-b5a7-0940f6382afb,rate_limit,1.0,2026-09-20T13:38:32.750995+00:00,1.0
002895c5-5bab-4a29-878a-5472991744a3,device_1,2026-09-20T13:38:32.751117+00:00,peer_silent,0.3329175957528201,"{'connections_per_min': 0.13756380133041246, 'power_draw_watts': 0.5752337984451575, 'power_draw_anomaly_score': 0.9500827516033428}",81c35f57-f30c-4b4c-bd89-558530dfa0d4,ignore,1.0,2026-09-20T13:38:32.751160+00:00,-0.5
299cba71-68d5-4b34-b070-da044ac6cced,device_2,2026-09-20T13:38:32.751341+00:00,unknown_peer,0.5683699890527587,"{'connections_per_min': 0.9941674066025453, 'power_draw_watts': 0.7984763011231992, 'power_draw_anomaly_score': 0.2743877519708873}",82d9ad7b-60bc-4785-b413-db6821f6fc4f,block,1.0,2026-09-20T13:38:32.751396+00:00,-0.5
7198d224-53e7-467d-ae1c-9156f12caa3e,device_12,2026-09-20T13:38:32.751530+00:00,sensor_anomaly,0.9170149445929592,"{'connections_per_min': 0.9472002971345059, 'power_draw_watts': 0.6745995286920233, 'power_draw_anomaly_score': 0.7517359856583977}",d9fd3539-669b-4ac2-82a9-f83d09c10acd,block,1.0,2026-09-20T13:38:32.751574+00:00,-0.5
122d606d-02b8-4a0d-b68c-c09f6cd8dd35,device_1,2026-09-20T13:38:32.751699+00:00,data_tampering,0.29166929642927064,"{'connections_per_min': 0.9717262437297338, 'power_draw_watts': 0.40287808663169067, 'power_draw_anomaly_score': 0.8091618075683205}",9688344d-0766-4374-b31e-233e861f68c3,monitor,1.0,2026-09-20T13:38:32.751741+00:00,1.0
1b847dca-12b0-42c8-ae3e-b29c13dba775,device_14,2026-09-20T13:38:32.751863+00:00,traffic_spike,0.8761110949453781,"{'connections_per_min': 0.30398647674858525, 'power_draw_watts': 0.9752170947286877, 'power_draw_anomaly_score': 0.7968334400406342}",dd4cb6f9-f9e5-40b5-a693-167027a5ad4f,block,1.0,2026-09-20T13:38:32.751905+00:00,1.0
b65d9b32-9d3d-427e-a282-d99e7600dbea,device_5,2026-09-20T13:38:32.752027+00:00,peer_silent,0.6021079009839303,"{'connections_per_min': 0.0229512988436138, 'power_draw_watts': 0.7646117946676596, 'power_draw_anomaly_score': 0.6935106950391271}",f370f49b-c1ab-4e1b-a1bd-932db922e956,rate_limit,1.0,2026-09-20T13:38:32.752069+00:00,1.0
7164cc8f-7287-481d-b4bc-5e694a00b35b,device_5,2026-09-20T13:38:32.752200+00:00,sensor_anomaly,0.5262880435129206,"{'connections_per_min': 0.9968384839587353, 'power_draw_watts': 0.8717078873165789, 'power_draw_anomaly_score': 0.6524384678389687}",6aae3ce1-bb8d-48e0-a4dd-1116e6218986,monitor,1.0,2026-09-20T13:38:32.752246+00:00,-0.5
dc4a6900-6d42-4573-b717-01baa8b9a912,device_16,2026-09-20T13:38:32.752372+00:00,sensor_anomaly,0.3000551366299551,"{'connections_per_min': 0.16463385466176017, 'power_draw_watts': 0.16299140926046418, 'power_draw_anomaly_score': 0.172708927023422}",9292120a-d897-4b17-b534-2f186e812ba9,monitor,1.0,2026-09-20T13:38:32.752414+00:00,1.0
52a6db4b-6eb2-47e2-8784-5d81d9d176d0,device_12,2026-09-20T13:38:32.752535+00:00,sensor_anomaly,0.9832875766468263,"{'connections_per_min': 0.043757934510493035, 'power_draw_watts': 0.43417430838711524, 'power_draw_anomaly_score': 0.9069339135779877}",b618cd5a-6949-4271-b3f7-aeadb8127f7c,quarantine,1.0,2026-09-20T13:38:32.752578+00:00,1.0
d7ca9278-0d39-48a9-bb05-9184da71e2c9,device_2,2026-09-20T13:38:32.752700+00:00,unknown_peer,0.7803576647952636,"{'connections_per_min': 0.317292326865408, 'power_draw_watts': 0.7056922853135864, 'power_draw_anomaly_score': 0.48458914617938653}",a0c89a45-5774-4cab-8205-e4dbf883ff4a,block,1.0,2026-09-20T13:38:32.752760+00:00,1.0
d7c07472-23fa-4a0b-8705-07c4af3185c1,device_18,2026-09-20T13:38:32.752885+00:00,unknown_peer,0.06626305813074262,"{'connections_per_min': 0.8758299536868661, 'power_draw_watts': 0.11219942937265026, 'power_draw_anomaly_score': 0.1765225488921195}",526b94b9-728b-45d8-ac37-15a8f42ac2f0,ignore,1.0,2026-09-20T13:38:32.752926+00:00,1.0
7ad4568e-d58c-4d8d-85c7-e6f2061cf04a,device_7,2026-09-20T13:38:32.753049+00:00,peer_silent,0.6233559210647615,"{'connections_per_min': 0.1231174646202271, 'power_draw_watts': 0.6404633420757581, 'power_draw_anomaly_score': 0.973205628032508}",9d5410b8-29fc-4122-88c8-e6538463bab6,rate_limit,1.0,2026-09-20T13:38:32.753091+00:00,1.0
f50b5254-4cfa-4135-a4b0-c7754c04dd0f,device_13,2026-09-20T13:38:32.753221+00:00,false_data_injection,0.8770507937836508,"{'connections_per_min': 0.21070918826672602, 'power_draw_watts': 0.30063109734433036, 'power_draw_anomaly_score': 0.19042868589267758}",fba280fa-09cf-4de6-81a0-1d898db1ac13,block,1.0,2026-09-20T13:38:32.753266+00:00,-0.5
89ba2192-623c-49e2-b4d0-e4f09d5ae54e,device_19,2026-09-20T13:38:32.753392+00:00,unknown_peer,0.6138583394226244,"{'connections_per_min': 0.9627281434295106, 'power_draw_watts': 0.8895322601690858, 'power_draw_anomaly_score': 0.22896328266683197}",7863598a-405b-4647-919d-3bf641b30ca4,rate_limit,1.0,2026-09-20T13:38:32.753434+00:00,1.0
19951f14-6bf4-4162-a193-1bd3a8ffda08,device_8,2026-09-20T13:38:32.753557+00:00,data_tampering,0.3597759653140685,"{'connections_per_min': 0.05568520947276279, 'power_draw_watts': 0.13204816532866948, 'power_draw_anomaly_score': 0.533539058147394}",a06d3687-313c-46f0-ab80-0fa6755075e5,ignore,1.0,2026-09-20T13:38:32.753600+00:00,-1.0
87fd9b75-2c20-4439-b549-5d7e0b1ef541,device_7,2026-09-20T13:38:32.753721+00:00,other,0.9375699630613369,"{'connections_per_min': 0.13866287463695215, 'power_draw_watts': 0.46208744339143426, 'power_draw_anomaly_score': 0.2914384928143766}",72e55bdb-6371-4abc-91fe-1df01ebf277e,block,1.0,2026-09-20T13:38:32.753765+00:00,-0.5
c61c4f24-cff7-4393-aa45-c3bd10b7c200,device_2,2026-09-20T13:38:32.753887+00:00,sensor_anomaly,0.1113726058416431,"{'connections_per_min': 0.12118387010308762, 'power_draw_watts': 0.21251445405827118, 'power_draw_anomaly_score': 0.8245382171148222}",362fa7b6-5914-4272-86be-c7abfc36f57c,ignore,1.0,2026-09-20T13:38:32.753929+00:00,1.0
c656c0d3-fd79-43d9-9390-8ab18042195a,device_0,2026-09-20T13:38:32.754083+00:00,traffic_spike,0.9991286833125967,"{'connections_per_min': 0.7115857895306317, 'power_draw_watts': 0.9206643568570997, 'power_draw_anomaly_score': 0.18812781644747512}",ceeaa662-9b33-4608-a0b3-818d86f8a1b7,quarantine,1.0,2026-09-20T13:38:32.754126+00:00,1.0
b4a1319a-1d4b-4e5c-8324-e4e688d25b11,device_19,2026-09-20T13:38:32.754315+00:00,traffic_spike,0.027782443165453197,"{'connections_per_min': 0.12046771376682919, 'power_draw_watts': 0.90821016960297, 'power_draw_anomaly_score': 0.5519132405994026}",672d9f4b-f9b9-44f3-ae38-09536d395ec2,ignore,1.0,2026-09-20T13:38:32.754362+00:00,1.0
0584082a-d1a1-4f7e-8c90-53e997615c27,device_11,2026-09-20T13:38:32.754491+00:00,traffic_spike,0.7474522615407259,"{'connections_per_min': 0.38508990872356375, 'power_draw_watts': 0.016279842922380272, 'power_draw_anomaly_score': 0.6542745393262811}",ef36581d-57dc-4d15-98b9-6fef9d0f4753,quarantine,1.0,2026-09-20T13:38:32.754535+00:00,-0.5
34bc6511-7cf9-42e2-aa6f-50ab74a2e6a7,device_5,2026-09-20T13:38:32.754659+00:00,unknown_peer,0.7769658430705727,"{'connections_per_min': 0.8050868660047421, 'power_draw_watts': 0.5957167423429959, 'power_draw_anomaly_score': 0.6653285744166099}",695d2dfa-fca4-4ad3-b18a-0ab33d54b845,rate_limit,1.0,2026-09-20T13:38:32.754702+00:00,-0.5
fb1914ed-6987-4592-a72e-45f5c033afaa,device_13,2026-09-20T13:38:32.754837+00:00,traffic_spike,0.3234196918731522,"{'connections_per_min': 0.37535048543542293, 'power_draw_watts': 0.4996267939736474, 'power_draw_anomaly_score': 0.10378848508376115}",1b37ca75-bfe4-4c97-b65e-1c242d70bf63,monitor,1.0,2026-09-20T13:38:32.754880+00:00,1.0
32396fdf-8b60-48bd-916e-6d93678a6fac,device_6,2026-09-20T13:38:32.755004+00:00,peer_silent,0.992030303686719,"{'connections_per_min': 0.46966554714370157, 'power_draw_watts': 0.8498474091375061, 'power_draw_anomaly_score': 0.9438879677299153}",da28eba3-dc90-4c96-ab92-32c0116ffdb6,quarantine,1.0,2026-09-20T13:38:32.755046+00:00,1.0
13c2cc69-986a-4e8b-828d-5b581ff62d6e,device_10,2026-09-20T13:38:32.755168+00:00,sensor_anomaly,0.7682158524356554,"{'connections_per_min': 0.6106045941768374, 'power_draw_watts': 0.8985995095448004, 'power_draw_anomaly_score': 0.6331928524070259}",be891244-2f63-4317-bc9f-c982ae3fa6d7,rate_limit,1.0,2026-09-20T13:38:32.755221+00:00,-0.5
60547d44-212f-4bbc-b217-20af3c836b7f,device_8,2026-09-20T13:38:32.755350+00:00,false_data_injection,0.19839569343267538,"{'connections_per_min': 0.42865296339087866, 'power_draw_watts': 0.9294120684147704, 'power_draw_anomaly_score': 0.143731524493676}",fd5efa09-273a-4745-8a08-c0eb4966ac83,monitor,1.0,2026-09-20T13:38:32.755392+00:00,1.0
c4de0212-5a80-49bc-8adc-8e63e740ac37,device_6,2026-09-20T13:38:32.755546+00:00,unknown_peer,0.4880174109765293,"{'connections_per_min': 0.6216254448223947, 'power_draw_watts': 0.368259934189037, 'power_draw_anomaly_score': 0.526425564749439}",fe786967-7f38-46e3-8b0a-73e192b69df1,monitor,1.0,2026-09-20T13:38:32.755609+00:00,1.0
3f1a3d8e-9f87-4970-a827-c5015c42326d,device_15,2026-09-20T13:38:32.755795+00:00,traffic_spike,0.6181470846537299,"{'connections_per_min': 0.13025120788872846, 'power_draw_watts': 0.6357672453604697, 'power_draw_anomaly_score': 0.01319641308471331}",27653fe3-4e9b-4e5b-8bd4-69b1a2d4870d,rate_limit,1.0,2026-09-20T13:38:32.755863+00:00,1.0
d593fe70-9298-48ae-a61e-cabb7534a5a0,device_0,2026-09-20T13:38:32.756003+00:00,other,0.9689768359785673,"{'connections_per_min': 0.15788813891134934, 'power_draw_watts': 0.6125215618859672, 'power_draw_anomaly_score': 0.40708183014299193}",164df248-163d-4b52-9974-2911ee333c98,quarantine,1.0,2026-09-20T13:38:32.756046+00:00,1.0
5d38d092-0fe7-44c9-9653-144361092fa9,device_17,2026-09-20T13:38:32.756170+00:00,false_data_injection,0.5589416255480256,"{'connections_per_min': 0.4820753091696208, 'power_draw_watts': 0.13227942592766506, 'power_draw_anomaly_score': 0.07547394078459901}",d3e390ab-d45f-44b8-9f1b-b466383d1556,block,1.0,2026-09-20T13:38:32.756224+00:00,1.0
50d23ed0-87de-4b4f-9a9c-fee88db68ad5,device_14,2026-09-20T13:38:32.756352+00:00,unknown_peer,0.7761031378683458,"{'connections_per_min': 0.17663920485899454, 'power_draw_watts': 0.31870515893341056, 'power_draw_anomaly_score': 0.5595981910988183}",1e31e731-5ce3-44d7-ab57-5567399116de,quarantine,1.0,2026-09-20T13:38:32.756397+00:00,-0.5
47010c59-6640-458c-a4a2-0761067ac00d,device_10,2026-09-20T13:38:32.756531+00:00,sensor_anomaly,0.39729766455231796,"{'connections_per_min': 0.032037054581894764, 'power_draw_watts': 0.5298323318944251, 'power_draw_anomaly_score': 0.09488569554620219}",83b3c6c6-628b-45a5-978e-4edbfbac265a,monitor,1.0,2026-09-20T13:38:32.756573+00:00,1.0
cfc53b40-10b3-43b6-9aee-81b461a22b3f,device_11,2026-09-20T13:38:32.756696+00:00,sensor_anomaly,0.12829895283904813,"{'connections_per_min': 0.631522890076847, 'power_draw_watts': 0.4089970137305713, 'power_draw_anomaly_score': 0.922064529274486}",66f6d44a-c6eb-4005-9899-a929ef42420c,ignore,1.0,2026-09-20T13:38:32.756759+00:00,1.0
b69bfa85-17fd-4825-a69f-e03147b096b6,device_9,2026-09-20T13:38:32.756885+00:00,peer_silent,0.5103387885002058,"{'connections_per_min': 0.144032367158633, 'power_draw_watts': 0.4612753960958683, 'power_draw_anomaly_score': 0.0906102186038723}",95d07a28-b1d9-4aa3-8e9d-72f9d9214969,monitor,1.0,2026-09-20T13:38:32.756929+00:00,-0.5
d52836ee-58ce-4174-95b7-79220e3cfa16,device_12,2026-09-20T13:38:32.757052+00:00,peer_silent,0.720730915100977,"{'connections_per_min': 0.9303226617805496, 'power_draw_watts': 0.954062818518851, 'power_draw_anomaly_score': 0.6834973513891709}",68e627c1-1735-471e-bbf8-e1293c89c6b6,rate_limit,1.0,2026-09-20T13:38:32.757095+00:00,-0.5
2dcfbb41-68f8-4e66-bd22-afe768b38a84,device_16,2026-09-20T13:38:32.757231+00:00,other,0.5553211907865433,"{'connections_per_min': 0.17405040597474253, 'power_draw_watts': 0.958847319750138, 'power_draw_anomaly_score': 0.12449709848096147}",2d793a20-efa0-422a-ab8a-565a1078c159,rate_limit,1.0,2026-09-20T13:38:32.757274+00:00,1.0
884a0493-cd5d-4fca-a28b-c894345b0028,device_19,2026-09-20T13:38:32.757401+00:00,false_data_injection,0.8242852805253815,"{'connections_per_min': 0.5007665216976761, 'power_draw_watts': 0.6267873937369605, 'power_draw_anomaly_score': 0.6310523341646124}",03723528-fecc-403b-a4e7-a8e0e1acc173,quarantine,1.0,2026-09-20T13:38:32.757444+00:00,1.0
d6e3d1e9-1a21-4009-b985-e2f075789e84,device_16,2026-09-20T13:38:32.757567+00:00,peer_silent,0.9246838543578257,"{'connections_per_min': 0.33237218946955727, 'power_draw_watts': 0.29715013117082556, 'power_draw_anomaly_score': 0.7138317821865144}",faad9369-850d-479b-986d-249ce99ed72a,block,1.0,2026-09-20T13:38:32.757610+00:00,-0.5
408868f0-bcd6-4487-9de8-759a5032128d,device_9,2026-09-20T13:38:32.757733+00:00,peer_silent,0.7557316240484551,"{'connections_per_min': 0.19183084325109756, 'power_draw_watts': 0.4628614976939298, 'power_draw_anomaly_score': 0.48076785617487683}",488ff944-3c2a-42ff-b776-07c9866e54ef,quarantine,1.0,2026-09-20T13:38:32.757777+00:00,-0.5
66f2d94b-103d-4bdf-a842-dcd83cfb3e41,device_19,2026-09-20T13:38:32.757899+00:00,peer_silent,0.7623849842935186,"{'connections_per_min': 0.7557407706631407, 'power_draw_watts': 0.9879598200952834, 'power_draw_anomaly_score': 0.3651999206149247}",68b877d2-28b1-4acc-845a-ed84163d980c,rate_limit,1.0,2026-09-20T13:38:32.757943+00:00,-0.5
7eb42895-09c5-4aba-ac2a-7324b5fb8305,device_5,2026-09-20T13:38:32.758066+00:00,false_data_injection,0.2939876951562339,"{'connections_per_min': 0.37010862728991756, 'power_draw_watts': 0.40425510478179927, 'power_draw_anomaly_score': 0.5454755917886356}",3757baa9-7643-4639-8936-d68d0ec2dd8e,ignore,1.0,2026-09-20T13:38:32.758108+00:00,-0.5
3eed1097-7b6b-4bf9-9137-7074ede0c12d,device_2,2026-09-20T13:38:32.758241+00:00,other,0.5144409504745365,"{'connections_per_min': 0.5995024112117695, 'power_draw_watts': 0.6934972449647807, 'power_draw_anomaly_score': 0.8119428533963813}",1c28548c-a58a-47d6-bfd7-8efad95b8f2d,rate_limit,1.0,2026-09-20T13:38:32.758285+00:00,1.0
3514b916-33fc-4e48-9f49-9eee3c2f5d72,device_3,2026-09-20T13:38:32.758408+00:00,peer_silent,0.7554569469539798,"{'connections_per_min': 0.8782652588860536, 'power_draw_watts': 0.11836145352540806, 'power_draw_anomaly_score': 0.33972004157370583}",1ae9f28e-e6c2-437b-9aac-649fdcadcd56,rate_limit,1.0,2026-09-20T13:38:32.758451+00:00,-0.5
ef5d8366-703d-4804-a403-4207514236e1,device_17,2026-09-20T13:38:32.758585+00:00,traffic_spike,0.9631579283581133,"{'connections_per_min': 0.8672574448341362, 'power_draw_watts': 0.5300614289011614, 'power_draw_anomaly_score': 0.5126638097638349}",56340ed8-8832-4dd3-aac3-9879ba5abc9c,quarantine,1.0,2026-09-20T13:38:32.758627+00:00,1.0
f086b84d-28a0-495b-83f1-577899616ed8,device_6,2026-09-20T13:38:32.758751+00:00,data_tampering,0.4142900520989963,"{'connections_per_min': 0.5192231372318246, 'power_draw_watts': 0.03369254263904753, 'power_draw_anomaly_score': 0.7037562632341985}",c71e5c59-a060-4110-a014-90e6da2e1e9e,rate_limit,1.0,2026-09-20T13:38:32.758806+00:00,1.0
e2251f8f-b831-49e7-a0bd-dfe83df43415,device_15,2026-09-20T13:38:32.758930+00:00,unknown_peer,0.9498962718915459,"{'connections_per_min': 0.24952999387201547, 'power_draw_watts': 0.8595430158948502, 'power_draw_anomaly_score': 0.4499989282122331}",ac57c4b4-c15b-4631-947c-e93f8706654d,block,1.0,2026-09-20T13:38:32.758974+00:00,-0.5
c26ecd2b-102c-401f-8f2e-0eb8b1cd2f32,device_16,2026-09-20T13:38:32.759097+00:00,peer_silent,0.7260039261807666,"{'connections_per_min': 0.07883165874552234, 'power_draw_watts': 0.7835173362283462, 'power_draw_anomaly_score': 0.08325187960863634}",c6a85d8e-6ec4-4a5a-870c-3b105007c3b3,rate_limit,1.0,2026-09-20T13:38:32.759140+00:00,-0.5
3f3e3a8d-1c91-4ee3-8fc0-c75feec29cda,device_1,2026-09-20T13:38:32.759276+00:00,unknown_peer,0.8920778130843084,"{'connections_per_min': 0.15130864450766135, 'power_draw_watts': 0.24563675842074917, 'power_draw_anomaly_score': 0.35143805039151865}",f12119ea-c5fb-49c5-bf07-6b69baa08873,rate_limit,1.0,2026-09-20T13:38:32.759320+00:00,-0.5
d5828f04-2631-48d9-90c9-8e39e1512ba9,device_15,2026-09-20T13:38:32.759443+00:00,traffic_spike,0.3355374369573856,"{'connections_per_min': 0.6317104740429549, 'power_draw_watts': 0.3494342111448262, 'power_draw_anomaly_score': 0.9946616322256757}",dc139cf4-2eb1-4a55-866e-9c2c96bd1f98,rate_limit,1.0,2026-09-20T13:38:32.759486+00:00,-0.5
c1ab5a28-b9bc-4ef7-8b11-6d018c9e738b,device_10,2026-09-20T13:38:32.759608+00:00,data_tampering,0.322943466869655,"{'connections_per_min': 0.6273463112590865, 'power_draw_watts': 0.9177469611841312, 'power_draw_anomaly_score': 0.061801448654621005}",4a5301fe-85ae-4d41-ac22-209023c1364a,monitor,1.0,2026-09-20T13:38:32.759650+00:00,1.0
955dfb33-fba5-4318-9c40-ce84a7da0947,device_17,2026-09-20T13:38:32.759771+00:00,peer_silent,0.6358808021714345,"{'connections_per_min': 0.1365546199376244, 'power_draw_watts': 0.42565055507179494, 'power_draw_anomaly_score': 0.8927754224533699}",6d78aa18-f3f5-4f8a-b456-4a815fa242ae,rate_limit,1.0,2026-09-20T13:38:32.759813+00:00,1.0
d021f203-bbab-4e2f-9404-e74b2adae7b7,device_3,2026-09-20T13:38:32.759934+00:00,sensor_anomaly,0.5406391471776358,"{'connections_per_min': 0.482258962623735, 'power_draw_watts': 0.24726045102190009, 'power_draw_anomaly_score': 0.49370062369024836}",80965c1c-c2e3-4349-a9f6-33219350a92c,rate_limit,1.0,2026-09-20T13:38:32.759976+00:00,1.0
55ae482d-f5b6-4935-a2c8-1012641810ff,device_18,2026-09-20T13:38:32.760098+00:00,false_data_injection,0.4042520074005038,"{'connections_per_min': 0.5712967922514306, 'power_draw_watts': 0.7567350410718935, 'power_draw_anomaly_score': 0.026508721745728936}",87b25242-9dff-43be-b44c-198adda82a05,monitor,1.0,2026-09-20T13:38:32.760140+00:00,-0.5
12d86b3d-1a90-48bb-bc84-acde78d073f3,device_16,2026-09-20T13:38:32.760275+00:00,traffic_spike,0.04800790356123741,"{'connections_per_min': 0.6580034375266908, 'power_draw_watts': 0.1204772739547193, 'power_draw_anomaly_score': 0.15105019714719492}",9108b803-a037-430b-a272-ef47b0088561,ignore,1.0,2026-09-20T13:38:32.760317+00:00,1.0
816c98ff-f347-40f1-a907-8df6b1201c2c,device_7,2026-09-20T13:38:32.760439+00:00,sensor_anomaly,0.6178598036044516,"{'connections_per_min': 0.8166755510160115, 'power_draw_watts': 0.6652829534688541, 'power_draw_anomaly_score': 0.022545269368360432}",3f88aea9-6665-4ffc-aeec-b10de099ba4f,rate_limit,1.0,2026-09-20T13:38:32.760481+00:00,1.0
443d7652-f8bf-4c05-a9ee-db802d7b990a,device_11,2026-09-20T13:38:32.760602+00:00,sensor_anomaly,0.6536602492806289,"{'connections_per_min': 0.36325781456462003, 'power_draw_watts': 0.3340495695897563, 'power_draw_anomaly_score': 0.46281780288666763}",ec4f9cef-2f41-4416-bbf8-8904bb5bfa9f,block,1.0,2026-09-20T13:38:32.760646+00:00,-0.5
35b13675-b713-45c3-b3b0-9631eee57a56,device_1,2026-09-20T13:38:32.760778+00:00,false_data_injection,0.5734300306250631,"{'connections_per_min': 0.1859651195449633, 'power_draw_watts': 0.8523286877997905, 'power_draw_anomaly_score': 0.799680341227076}",133082d7-b879-44c0-be84-a221e8ef300f,block,1.0,2026-09-20T13:38:32.760822+00:00,1.0
0a661cc5-5da0-48c3-a77c-4d7b0d4a0fa4,device_8,2026-09-20T13:38:32.760948+00:00,traffic_spike,0.3099583530345621,"{'connections_per_min': 0.44803518940517384, 'power_draw_watts': 0.1784828848876019, 'power_draw_anomaly_score': 0.7465569855484264}",c0669a12-5b67-4a3a-84af-8a27ecdf3baf,monitor,1.0,2026-09-20T13:38:32.760990+00:00,1.0
232ff6a7-8bed-4fc0-a0fd-be40d7014f3e,device_11,2026-09-20T13:38:32.761111+00:00,sensor_anomaly,0.448807887551961,"{'connections_per_min': 0.3587541511542556, 'power_draw_watts': 0.06995220837757432, 'power_draw_anomaly_score': 0.5369784064207851}",e2babce6-319b-4cd3-b108-0ce05681e52d,monitor,1.0,2026-09-20T13:38:32.761153+00:00,1.0
ded8d9bb-2f5c-40a1-89cc-6558c4328e93,device_5,2026-09-20T13:38:32.761288+00:00,data_tampering,0.23023100816313546,"{'connections_per_min': 0.6232850058122581, 'power_draw_watts': 0.35287394543550477, 'power_draw_anomaly_score': 0.37187424096011934}",0374bf4a-fffd-4b2b-93e2-0c69bfe8e679,ignore,1.0,2026-09-20T13:38:32.761332+00:00,-0.5
343211ea-8e6c-4e44-891f-1a7a3efc8686,device_14,2026-09-20T13:38:32.761455+00:00,unknown_peer,0.25856003507650915,"{'connections_per_min': 0.05260978974649888, 'power_draw_watts': 0.7234444161869218, 'power_draw_anomaly_score': 0.07151461595516573}",2724c317-e0f8-47d8-ad1b-6fff385b9b1a,ignore,1.0,2026-09-20T13:38:32.761497+00:00,-0.5
17107817-65d2-4f3a-aeac-d1e3e0a54aa2,device_17,2026-09-20T13:38:32.761619+00:00,data_tampering,0.9078687942970245,"{'connections_per_min': 0.7059188588692703, 'power_draw_watts': 0.9816340817752751, 'power_draw_anomaly_score': 0.4410268209564895}",2135ca82-03ea-44f1-bf01-cb91ecc5869f,block,1.0,2026-09-20T13:38:32.761662+00:00,-0.5
eef14e3f-ce50-4ea9-9547-b49db9bffa34,device_10,2026-09-20T13:38:32.761784+00:00,sensor_anomaly,0.8936296745441074,"{'connections_per_min': 0.3111558766192777, 'power_draw_watts': 0.876363502630691, 'power_draw_anomaly_score': 0.36631161635465614}",81dd87b3-9e10-4d2b-be60-aa9dbcb2776b,block,1.0,2026-09-20T13:38:32.761827+00:00,1.0
cccc67c7-5f59-4103-8ccb-08383a30dfa5,device_3,2026-09-20T13:38:32.761949+00:00,data_tampering,0.0814436368395256,"{'connections_per_min': 0.8596407792100912, 'power_draw_watts': 0.8286481970928983, 'power_draw_anomaly_score': 0.5891969298490337}",208cd9a2-85fb-47d3-a177-9f286040cae5,ignore,1.0,2026-09-20T13:38:32.761991+00:00,1.0
a50db969-f176-451c-ac60-7cd8e9361e9a,device_13,2026-09-20T13:38:32.762112+00:00,false_data_injection,0.938463941951896,"{'connections_per_min': 0.7153781593009567, 'power_draw_watts': 0.8429775892449111, 'power_draw_anomaly_score': 0.841774195063411}",cfe5f40f-fb22-4ffe-9583-79b0e1f42cc4,quarantine,1.0,2026-09-20T13:38:32.762154+00:00,1.0
dc97260b-4705-4b72-a825-17f04c6604a4,device_13,2026-09-20T13:38:32.762288+00:00,other,0.9534899075662873,"{'connections_per_min': 0.8166372627998769, 'power_draw_watts': 0.7440376267701297, 'power_draw_anomaly_score': 0.6087902959054146}",513a3840-eb20-43be-ba73-7acd89c5129c,quarantine,1.0,2026-09-20T13:38:32.762332+00:00,1.0
ae82f893-14b5-4505-9877-afd6ed7ab3dd,device_9,2026-09-20T13:38:32.762500+00:00,data_tampering,0.4521094960835337,"{'connections_per_min': 0.6401614132881163, 'power_draw_watts': 0.819950733157713, 'power_draw_anomaly_score': 0.13893081181509803}",21a08d9a-2a92-40bd-8966-fcb112a41c84,monitor,1.0,2026-09-20T13:38:32.762563+00:00,-0.5
bb356f06-f6aa-44b1-9d96-bd713633bac2,device_11,2026-09-20T13:38:32.762702+00:00,data_tampering,0.44976209897401354,"{'connections_per_min': 0.32804986365173094, 'power_draw_watts': 0.1714733625335405, 'power_draw_anomaly_score': 0.9782524947375578}",75b40805-dbd9-4a21-8b7b-76f0921387dc,monitor,1.0,2026-09-20T13:38:32.762746+00:00,-0.5
c153349d-8945-4753-8525-4896557156a7,device_18,2026-09-20T13:38:32.762913+00:00,data_tampering,0.31040677983448417,"{'connections_per_min': 0.29694828726864275, 'power_draw_watts': 0.28700600989035785, 'power_draw_anomaly_score': 0.010656747322579707}",1f954aa4-554d-4197-ad54-88a1a4322395,monitor,1.0,2026-09-20T13:38:32.762957+00:00,1.0
